{
  "AWSTemplateFormatVersion": "2010-09-09",
  "Resources": {
    "Flights": {
      "Type": "AWS::DynamoDB::Table",
      "Properties": {
        "KeySchema": [
          {
            "AttributeName": "flightNumber",
            "KeyType": "HASH"
          }
        ],
        "AttributeDefinitions": [
          {
            "AttributeName": "flightNumber",
            "AttributeType": "S"
          }
        ],
        "GlobalSecondaryIndexes": [],
        "BillingMode": "PROVISIONED",
        "TableName": "Flights",
        "ProvisionedThroughput": {
          "ReadCapacityUnits": 1,
          "WriteCapacityUnits": 1
        }
      }
    },
    "TableFlightsReadCapacityScalableTarget": {
      "Type": "AWS::ApplicationAutoScaling::ScalableTarget",
      "DependsOn": "Flights",
      "Properties": {
        "ServiceNamespace": "dynamodb",
        "ResourceId": "table/Flights",
        "ScalableDimension": "dynamodb:table:ReadCapacityUnits",
        "MinCapacity": 1,
        "MaxCapacity": 10,
        "RoleARN": {
          "Fn::Sub": "arn:aws:iam::${AWS::AccountId}:role/aws-service-role/dynamodb.application-autoscaling.amazonaws.com/AWSServiceRoleForApplicationAutoScaling_DynamoDBTable"
        }
      }
    },
    "TableFlightsReadCapacityScalingPolicy": {
      "Type": "AWS::ApplicationAutoScaling::ScalingPolicy",
      "DependsOn": "TableFlightsReadCapacityScalableTarget",
      "Properties": {
        "ServiceNamespace": "dynamodb",
        "ResourceId": "table/Flights",
        "ScalableDimension": "dynamodb:table:ReadCapacityUnits",
        "PolicyName": "Flights-read-capacity-scaling-policy",
        "PolicyType": "TargetTrackingScaling",
        "TargetTrackingScalingPolicyConfiguration": {
          "PredefinedMetricSpecification": {
            "PredefinedMetricType": "DynamoDBReadCapacityUtilization"
          },
          "ScaleOutCooldown": 60,
          "ScaleInCooldown": 60,
          "TargetValue": 70
        }
      }
    },
    "TableFlightsWriteCapacityScalableTarget": {
      "Type": "AWS::ApplicationAutoScaling::ScalableTarget",
      "DependsOn": "Flights",
      "Properties": {
        "ServiceNamespace": "dynamodb",
        "ResourceId": "table/Flights",
        "ScalableDimension": "dynamodb:table:WriteCapacityUnits",
        "MinCapacity": 1,
        "MaxCapacity": 10,
        "RoleARN": {
          "Fn::Sub": "arn:aws:iam::${AWS::AccountId}:role/aws-service-role/dynamodb.application-autoscaling.amazonaws.com/AWSServiceRoleForApplicationAutoScaling_DynamoDBTable"
        }
      }
    },
    "TableFlightsWriteCapacityScalingPolicy": {
      "Type": "AWS::ApplicationAutoScaling::ScalingPolicy",
      "DependsOn": "TableFlightsWriteCapacityScalableTarget",
      "Properties": {
        "ServiceNamespace": "dynamodb",
        "ResourceId": "table/Flights",
        "ScalableDimension": "dynamodb:table:WriteCapacityUnits",
        "PolicyName": "Flights-write-capacity-scaling-policy",
        "PolicyType": "TargetTrackingScaling",
        "TargetTrackingScalingPolicyConfiguration": {
          "PredefinedMetricSpecification": {
            "PredefinedMetricType": "DynamoDBWriteCapacityUtilization"
          },
          "ScaleOutCooldown": 60,
          "ScaleInCooldown": 60,
          "TargetValue": 70
        }
      }
    }
  }
}